{
  "tasks": [
    {
      "id": 1,
      "title": "Project Foundation & Server Setup",
      "description": "Initialize the Node.js project with Express server configuration and establish the basic server structure.",
      "details": "1. Configure package.json with required dependencies:\n   - express\n   - tailwindcss\n   - sharp\n   - chokidar\n   - nodemailer\n   - dotenv\n2. Set up the Express server in app.js:\n   ```javascript\n   require('dotenv').config();\n   const express = require('express');\n   const path = require('path');\n   const app = express();\n   \n   // Middleware setup\n   app.use(express.json());\n   app.use(express.urlencoded({ extended: true }));\n   app.use(express.static(path.join(__dirname, 'public')));\n   \n   // Routes will be added in subsequent tasks\n   \n   const PORT = process.env.PORT || 3000;\n   app.listen(PORT, () => {\n     console.log(`SnapFlow server running on port ${PORT}`);\n   });\n   ```\n3. Configure environment variables in .env file (port, email settings, etc.)\n4. Set up basic error handling middleware",
      "testStrategy": "1. Verify server starts without errors\n2. Confirm server is listening on the specified port\n3. Test static file serving from public directory\n4. Validate environment variables are properly loaded",
      "priority": "high",
      "dependencies": [],
      "status": "in-progress",
      "subtasks": []
    },
    {
      "id": 2,
      "title": "Tailwind CSS Integration",
      "description": "Set up Tailwind CSS for styling the application with mobile-first responsive design.",
      "details": "1. Initialize Tailwind CSS configuration:\n   ```bash\n   npx tailwindcss init\n   ```\n2. Configure tailwind.config.js for the project:\n   ```javascript\n   module.exports = {\n     content: [\n       './views/**/*.html',\n       './public/**/*.js',\n     ],\n     theme: {\n       extend: {\n         // Custom colors and other theme extensions\n       },\n     },\n     plugins: [],\n   }\n   ```\n3. Create a main CSS file in public/css/styles.css with Tailwind directives:\n   ```css\n   @tailwind base;\n   @tailwind components;\n   @tailwind utilities;\n   \n   /* Custom styles */\n   ```\n4. Set up the build process for Tailwind in package.json scripts:\n   ```json\n   \"scripts\": {\n     \"build:css\": \"tailwindcss -i ./public/css/styles.css -o ./public/css/output.css\",\n     \"watch:css\": \"tailwindcss -i ./public/css/styles.css -o ./public/css/output.css --watch\"\n   }\n   ```",
      "testStrategy": "1. Run the build:css script and verify output.css is generated\n2. Check that the CSS file is properly linked in HTML templates\n3. Verify responsive design works on mobile viewport sizes\n4. Test that Tailwind classes are properly applied to elements",
      "priority": "high",
      "dependencies": [
        1
      ],
      "status": "pending",
      "subtasks": []
    },
    {
      "id": 3,
      "title": "HTML Templates & Frontend Structure",
      "description": "Create the HTML templates for the application pages and set up the frontend structure.",
      "details": "1. Create base HTML structure for all views:\n   - index.html (landing page)\n   - gallery.html (photo display)\n   - admin.html (photographer upload interface)\n   - ad_settings.html (ad configuration)\n\n2. For each HTML file, include:\n   ```html\n   <!DOCTYPE html>\n   <html lang=\"en\">\n   <head>\n     <meta charset=\"UTF-8\">\n     <meta name=\"viewport\" content=\"width=device-width, initial-scale=1.0\">\n     <title>SnapFlow - [Page Title]</title>\n     <link rel=\"stylesheet\" href=\"/css/output.css\">\n   </head>\n   <body class=\"bg-gray-100 min-h-screen\">\n     <!-- Page-specific content -->\n     \n     <script src=\"/js/[page-specific-script].js\"></script>\n   </body>\n   </html>\n   ```\n\n3. Create corresponding JavaScript files in public/js/ for each page\n4. Implement mobile-first responsive layouts using Tailwind classes\n5. Set up navigation between pages",
      "testStrategy": "1. Validate HTML with W3C validator\n2. Test responsive layouts across different device sizes\n3. Verify all navigation links work correctly\n4. Check that JavaScript files are properly loaded\n5. Test accessibility compliance",
      "priority": "high",
      "dependencies": [
        2
      ],
      "status": "pending",
      "subtasks": []
    },
    {
      "id": 4,
      "title": "File Upload System",
      "description": "Implement the file upload system for photographers to upload images to the server.",
      "details": "1. Create upload route in src/routes/upload.js:\n   ```javascript\n   const express = require('express');\n   const multer = require('multer');\n   const path = require('path');\n   const fs = require('fs');\n   const router = express.Router();\n   \n   // Configure multer storage\n   const storage = multer.diskStorage({\n     destination: (req, file, cb) => {\n       const uploadDir = path.join(__dirname, '../../public/uploads');\n       if (!fs.existsSync(uploadDir)) {\n         fs.mkdirSync(uploadDir, { recursive: true });\n       }\n       cb(null, uploadDir);\n     },\n     filename: (req, file, cb) => {\n       const uniqueSuffix = Date.now() + '-' + Math.round(Math.random() * 1E9);\n       cb(null, uniqueSuffix + path.extname(file.originalname));\n     }\n   });\n   \n   // File filter to accept only images\n   const fileFilter = (req, file, cb) => {\n     if (file.mimetype.startsWith('image/')) {\n       cb(null, true);\n     } else {\n       cb(new Error('Only image files are allowed!'), false);\n     }\n   };\n   \n   const upload = multer({ \n     storage, \n     fileFilter,\n     limits: { fileSize: 10 * 1024 * 1024 } // 10MB limit\n   });\n   \n   router.post('/upload', upload.array('photos', 20), (req, res) => {\n     try {\n       const uploadedFiles = req.files.map(file => ({\n         filename: file.filename,\n         path: `/uploads/${file.filename}`,\n         originalname: file.originalname\n       }));\n       \n       res.status(200).json({\n         success: true,\n         files: uploadedFiles\n       });\n     } catch (error) {\n       res.status(500).json({\n         success: false,\n         message: error.message\n       });\n     }\n   });\n   \n   module.exports = router;\n   ```\n\n2. Implement frontend upload form in admin.html with drag-and-drop functionality\n3. Create JavaScript for handling file uploads with progress indicators\n4. Add upload route to app.js\n5. Implement error handling for failed uploads",
      "testStrategy": "1. Test uploading single and multiple files\n2. Verify file size limits are enforced\n3. Test file type restrictions\n4. Verify uploaded files are stored in the correct location\n5. Test drag-and-drop functionality\n6. Verify upload progress indicator works correctly\n7. Test error handling for invalid uploads",
      "priority": "high",
      "dependencies": [
        1,
        3
      ],
      "status": "pending",
      "subtasks": []
    },
    {
      "id": 5,
      "title": "Image Processing with Sharp",
      "description": "Implement image processing to optimize uploaded photos and add watermarks using Sharp.",
      "details": "1. Create image processing module in src/modules/imageProcessor.js:\n   ```javascript\n   const sharp = require('sharp');\n   const path = require('path');\n   const fs = require('fs');\n   \n   class ImageProcessor {\n     constructor() {\n       this.uploadsDir = path.join(__dirname, '../../public/uploads');\n       this.galleriesDir = path.join(__dirname, '../../public/galleries');\n       \n       // Ensure directories exist\n       if (!fs.existsSync(this.galleriesDir)) {\n         fs.mkdirSync(this.galleriesDir, { recursive: true });\n       }\n     }\n     \n     async processImage(filename, galleryId, watermarkOptions = {}) {\n       const inputPath = path.join(this.uploadsDir, filename);\n       const outputDir = path.join(this.galleriesDir, galleryId);\n       \n       if (!fs.existsSync(outputDir)) {\n         fs.mkdirSync(outputDir, { recursive: true });\n       }\n       \n       const outputPath = path.join(outputDir, filename);\n       \n       try {\n         let imageProcess = sharp(inputPath)\n           .resize(1920, 1080, { fit: 'inside', withoutEnlargement: true })\n           .jpeg({ quality: 80, progressive: true });\n         \n         // Apply watermark if specified\n         if (watermarkOptions.type === 'text' && watermarkOptions.text) {\n           // Create text watermark\n           const textWatermark = await this.createTextWatermark(watermarkOptions.text);\n           \n           // Apply tiled text watermark\n           imageProcess = await this.applyTiledWatermark(imageProcess, textWatermark);\n         } else if (watermarkOptions.type === 'image' && watermarkOptions.imagePath) {\n           // Apply image watermark\n           const watermarkBuffer = fs.readFileSync(watermarkOptions.imagePath);\n           imageProcess = await this.applyTiledWatermark(imageProcess, watermarkBuffer);\n         }\n         \n         await imageProcess.toFile(outputPath);\n         \n         // Get file size to verify it's under 2MB\n         const stats = fs.statSync(outputPath);\n         const fileSizeMB = stats.size / (1024 * 1024);\n         \n         return {\n           success: true,\n           path: `/galleries/${galleryId}/${filename}`,\n           size: fileSizeMB,\n           width: 1920, // This is the maximum width, actual might be less\n           height: 1080 // This is the maximum height, actual might be less\n         };\n       } catch (error) {\n         console.error('Image processing error:', error);\n         return {\n           success: false,\n           error: error.message\n         };\n       }\n     }\n     \n     async createTextWatermark(text) {\n       // Create a text watermark using sharp\n       return await sharp({\n         create: {\n           width: 400,\n           height: 100,\n           channels: 4,\n           background: { r: 0, g: 0, b: 0, alpha: 0 }\n         }\n       })\n       .composite([\n         {\n           input: {\n             text: {\n               text,\n               font: 'Arial',\n               fontSize: 24,\n               rgba: true,\n               color: 'rgba(255, 255, 255, 0.5)'\n             }\n           },\n           gravity: 'center'\n         }\n       ])\n       .toBuffer();\n     }\n     \n     async applyTiledWatermark(imageProcess, watermarkBuffer) {\n       // Get image dimensions\n       const metadata = await imageProcess.metadata();\n       const { width, height } = metadata;\n       \n       // Create a tiled watermark pattern\n       const watermarkImage = sharp(watermarkBuffer);\n       const watermarkMeta = await watermarkImage.metadata();\n       \n       // Calculate number of tiles needed\n       const tilesX = Math.ceil(width / watermarkMeta.width) + 1;\n       const tilesY = Math.ceil(height / watermarkMeta.height) + 1;\n       \n       // Create composite array for tiled watermark\n       const compositeArray = [];\n       \n       for (let y = 0; y < tilesY; y++) {\n         for (let x = 0; x < tilesX; x++) {\n           compositeArray.push({\n             input: watermarkBuffer,\n             left: x * watermarkMeta.width,\n             top: y * watermarkMeta.height\n           });\n         }\n       }\n       \n       return imageProcess.composite(compositeArray);\n     }\n   }\n   \n   module.exports = new ImageProcessor();\n   ```\n\n2. Modify upload route to process images after upload\n3. Create API endpoint for watermark configuration\n4. Implement watermark preview functionality in admin interface\n5. Add image optimization settings to ensure all images are under 2MB",
      "testStrategy": "1. Test image resizing to verify dimensions are properly constrained\n2. Verify file size optimization keeps images under 2MB\n3. Test text watermarking with various text inputs\n4. Test image watermarking with different watermark images\n5. Verify tiled watermarking works correctly\n6. Test watermark opacity and positioning\n7. Benchmark processing performance with multiple images",
      "priority": "high",
      "dependencies": [
        4
      ],
      "status": "pending",
      "subtasks": []
    },
    {
      "id": 6,
      "title": "Gallery Creation & Management",
      "description": "Implement the gallery creation and management system for organizing and displaying photos.",
      "details": "1. Create data model for galleries in src/data/galleryModel.js:\n   ```javascript\n   const fs = require('fs');\n   const path = require('path');\n   const { v4: uuidv4 } = require('uuid');\n   \n   class GalleryModel {\n     constructor() {\n       this.dataDir = path.join(__dirname, '../data');\n       this.galleriesFile = path.join(this.dataDir, 'galleries.json');\n       \n       // Ensure data directory exists\n       if (!fs.existsSync(this.dataDir)) {\n         fs.mkdirSync(this.dataDir, { recursive: true });\n       }\n       \n       // Initialize galleries file if it doesn't exist\n       if (!fs.existsSync(this.galleriesFile)) {\n         fs.writeFileSync(this.galleriesFile, JSON.stringify([], null, 2));\n       }\n     }\n     \n     getAllGalleries() {\n       const data = fs.readFileSync(this.galleriesFile, 'utf8');\n       return JSON.parse(data);\n     }\n     \n     getGalleryById(id) {\n       const galleries = this.getAllGalleries();\n       return galleries.find(gallery => gallery.id === id) || null;\n     }\n     \n     createGallery(galleryData) {\n       const galleries = this.getAllGalleries();\n       const newGallery = {\n         id: uuidv4(),\n         createdAt: new Date().toISOString(),\n         photos: [],\n         ...galleryData\n       };\n       \n       galleries.push(newGallery);\n       fs.writeFileSync(this.galleriesFile, JSON.stringify(galleries, null, 2));\n       \n       return newGallery;\n     }\n     \n     updateGallery(id, galleryData) {\n       const galleries = this.getAllGalleries();\n       const index = galleries.findIndex(gallery => gallery.id === id);\n       \n       if (index === -1) return null;\n       \n       const updatedGallery = {\n         ...galleries[index],\n         ...galleryData,\n         updatedAt: new Date().toISOString()\n       };\n       \n       galleries[index] = updatedGallery;\n       fs.writeFileSync(this.galleriesFile, JSON.stringify(galleries, null, 2));\n       \n       return updatedGallery;\n     }\n     \n     deleteGallery(id) {\n       const galleries = this.getAllGalleries();\n       const filteredGalleries = galleries.filter(gallery => gallery.id !== id);\n       \n       if (filteredGalleries.length === galleries.length) return false;\n       \n       fs.writeFileSync(this.galleriesFile, JSON.stringify(filteredGalleries, null, 2));\n       return true;\n     }\n     \n     addPhotoToGallery(galleryId, photoData) {\n       const gallery = this.getGalleryById(galleryId);\n       if (!gallery) return null;\n       \n       const photoId = uuidv4();\n       const newPhoto = {\n         id: photoId,\n         addedAt: new Date().toISOString(),\n         ...photoData\n       };\n       \n       gallery.photos.push(newPhoto);\n       this.updateGallery(galleryId, { photos: gallery.photos });\n       \n       return newPhoto;\n     }\n     \n     removePhotoFromGallery(galleryId, photoId) {\n       const gallery = this.getGalleryById(galleryId);\n       if (!gallery) return false;\n       \n       const initialLength = gallery.photos.length;\n       gallery.photos = gallery.photos.filter(photo => photo.id !== photoId);\n       \n       if (gallery.photos.length === initialLength) return false;\n       \n       this.updateGallery(galleryId, { photos: gallery.photos });\n       return true;\n     }\n   }\n   \n   module.exports = new GalleryModel();\n   ```\n\n2. Create gallery routes in src/routes/gallery.js\n3. Implement gallery creation interface in admin.html\n4. Create gallery viewing page in gallery.html with swipe navigation\n5. Implement gallery sharing functionality with unique URLs\n6. Add gallery management features (rename, delete, reorder photos)",
      "testStrategy": "1. Test creating, updating, and deleting galleries\n2. Verify adding and removing photos from galleries\n3. Test gallery data persistence\n4. Verify gallery viewing interface works on mobile devices\n5. Test swipe navigation in gallery view\n6. Verify gallery sharing links work correctly\n7. Test gallery management features",
      "priority": "medium",
      "dependencies": [
        5
      ],
      "status": "pending",
      "subtasks": []
    },
    {
      "id": 7,
      "title": "Interstitial Ad System",
      "description": "Implement the interstitial ad system that displays ads every 6 swipes in the gallery view.",
      "details": "1. Create ad management module in src/modules/adManager.js:\n   ```javascript\n   const fs = require('fs');\n   const path = require('path');\n   \n   class AdManager {\n     constructor() {\n       this.adsDir = path.join(__dirname, '../../public/ads');\n       this.adsConfigFile = path.join(__dirname, '../data/ads.json');\n       \n       // Ensure directories and files exist\n       if (!fs.existsSync(this.adsDir)) {\n         fs.mkdirSync(this.adsDir, { recursive: true });\n       }\n       \n       if (!fs.existsSync(path.dirname(this.adsConfigFile))) {\n         fs.mkdirSync(path.dirname(this.adsConfigFile), { recursive: true });\n       }\n       \n       if (!fs.existsSync(this.adsConfigFile)) {\n         const defaultConfig = {\n           frequency: 6, // Show ad every 6 swipes\n           enabled: true,\n           ads: []\n         };\n         fs.writeFileSync(this.adsConfigFile, JSON.stringify(defaultConfig, null, 2));\n       }\n     }\n     \n     getAdConfig() {\n       const data = fs.readFileSync(this.adsConfigFile, 'utf8');\n       return JSON.parse(data);\n     }\n     \n     updateAdConfig(config) {\n       const currentConfig = this.getAdConfig();\n       const updatedConfig = { ...currentConfig, ...config };\n       fs.writeFileSync(this.adsConfigFile, JSON.stringify(updatedConfig, null, 2));\n       return updatedConfig;\n     }\n     \n     getAds() {\n       const config = this.getAdConfig();\n       return config.ads;\n     }\n     \n     addAd(adData) {\n       const config = this.getAdConfig();\n       const newAd = {\n         id: Date.now().toString(),\n         createdAt: new Date().toISOString(),\n         ...adData\n       };\n       \n       config.ads.push(newAd);\n       fs.writeFileSync(this.adsConfigFile, JSON.stringify(config, null, 2));\n       \n       return newAd;\n     }\n     \n     removeAd(adId) {\n       const config = this.getAdConfig();\n       const initialLength = config.ads.length;\n       \n       config.ads = config.ads.filter(ad => ad.id !== adId);\n       \n       if (config.ads.length === initialLength) return false;\n       \n       fs.writeFileSync(this.adsConfigFile, JSON.stringify(config, null, 2));\n       return true;\n     }\n     \n     getRandomAd() {\n       const ads = this.getAds();\n       if (ads.length === 0) return null;\n       \n       const randomIndex = Math.floor(Math.random() * ads.length);\n       return ads[randomIndex];\n     }\n   }\n   \n   module.exports = new AdManager();\n   ```\n\n2. Create ad routes in src/routes/ads.js\n3. Implement ad configuration interface in ad_settings.html\n4. Add interstitial ad display logic to gallery view JavaScript:\n   ```javascript\n   // In gallery.js\n   let swipeCount = 0;\n   const AD_FREQUENCY = 6; // Show ad every 6 swipes\n   \n   function showAdIfNeeded() {\n     swipeCount++;\n     \n     if (swipeCount % AD_FREQUENCY === 0) {\n       // Fetch random ad\n       fetch('/api/ads/random')\n         .then(response => response.json())\n         .then(data => {\n           if (data.ad) {\n             displayInterstitialAd(data.ad);\n           }\n         })\n         .catch(error => console.error('Error fetching ad:', error));\n     }\n   }\n   \n   function displayInterstitialAd(ad) {\n     const adOverlay = document.createElement('div');\n     adOverlay.className = 'fixed inset-0 bg-black bg-opacity-80 z-50 flex items-center justify-center';\n     \n     const adContent = document.createElement('div');\n     adContent.className = 'bg-white rounded-lg p-4 max-w-md w-full mx-4';\n     \n     // Ad content\n     adContent.innerHTML = `\n       <div class=\"text-right mb-2\">\n         <button id=\"closeAd\" class=\"text-gray-500 hover:text-gray-700\">\n           <svg xmlns=\"http://www.w3.org/2000/svg\" class=\"h-6 w-6\" fill=\"none\" viewBox=\"0 0 24 24\" stroke=\"currentColor\">\n             <path stroke-linecap=\"round\" stroke-linejoin=\"round\" stroke-width=\"2\" d=\"M6 18L18 6M6 6l12 12\" />\n           </svg>\n         </button>\n       </div>\n       <div class=\"text-center\">\n         <h3 class=\"text-xl font-bold mb-2\">${ad.title}</h3>\n         <div class=\"mb-4\">\n           <img src=\"${ad.imagePath}\" alt=\"${ad.title}\" class=\"mx-auto max-h-64\">\n         </div>\n         <p class=\"mb-4\">${ad.description}</p>\n         <a href=\"${ad.linkUrl}\" target=\"_blank\" class=\"bg-blue-500 hover:bg-blue-600 text-white px-4 py-2 rounded\">\n           ${ad.linkText || 'Learn More'}\n         </a>\n       </div>\n     `;\n     \n     adOverlay.appendChild(adContent);\n     document.body.appendChild(adOverlay);\n     \n     // Close ad when button is clicked\n     document.getElementById('closeAd').addEventListener('click', () => {\n       document.body.removeChild(adOverlay);\n     });\n     \n     // Auto-close ad after 10 seconds\n     setTimeout(() => {\n       if (document.body.contains(adOverlay)) {\n         document.body.removeChild(adOverlay);\n       }\n     }, 10000);\n   }\n   ```\n5. Implement ad upload functionality in admin interface",
      "testStrategy": "1. Test ad configuration settings (frequency, enable/disable)\n2. Verify ads appear after exactly 6 swipes\n3. Test ad rotation and randomization\n4. Verify ad content displays correctly\n5. Test ad click-through functionality\n6. Verify ad close button works\n7. Test auto-close timer functionality\n8. Verify ad upload and management features",
      "priority": "medium",
      "dependencies": [
        6
      ],
      "status": "pending",
      "subtasks": []
    },
    {
      "id": 8,
      "title": "File Monitoring with Chokidar",
      "description": "Implement file monitoring system using Chokidar to automatically process new images added to the upload directory.",
      "details": "1. Create file watcher module in src/modules/fileWatcher.js:\n   ```javascript\n   const chokidar = require('chokidar');\n   const path = require('path');\n   const fs = require('fs');\n   const imageProcessor = require('./imageProcessor');\n   const galleryModel = require('../data/galleryModel');\n   \n   class FileWatcher {\n     constructor() {\n       this.uploadsDir = path.join(__dirname, '../../public/uploads');\n       this.watchInstance = null;\n       this.processingQueue = new Map();\n       \n       // Ensure uploads directory exists\n       if (!fs.existsSync(this.uploadsDir)) {\n         fs.mkdirSync(this.uploadsDir, { recursive: true });\n       }\n     }\n     \n     start(galleryId, watermarkOptions) {\n       if (this.watchInstance) {\n         this.stop();\n       }\n       \n       console.log(`Starting file watcher for gallery ${galleryId}...`);\n       \n       this.watchInstance = chokidar.watch(this.uploadsDir, {\n         ignored: /(^|\\/)\\.[^\\/\\.]/, // Ignore dot files\n         persistent: true,\n         awaitWriteFinish: {\n           stabilityThreshold: 2000,\n           pollInterval: 100\n         }\n       });\n       \n       this.watchInstance\n         .on('add', async (filePath) => {\n           const filename = path.basename(filePath);\n           \n           // Skip if already in processing queue\n           if (this.processingQueue.has(filename)) return;\n           \n           console.log(`New file detected: ${filename}`);\n           this.processingQueue.set(filename, true);\n           \n           try {\n             // Process the image\n             const result = await imageProcessor.processImage(filename, galleryId, watermarkOptions);\n             \n             if (result.success) {\n               // Add to gallery\n               galleryModel.addPhotoToGallery(galleryId, {\n                 filename,\n                 path: result.path,\n                 size: result.size,\n                 width: result.width,\n                 height: result.height\n               });\n               \n               console.log(`Processed and added to gallery: ${filename}`);\n             } else {\n               console.error(`Failed to process image: ${filename}`, result.error);\n             }\n           } catch (error) {\n             console.error(`Error processing file ${filename}:`, error);\n           } finally {\n             this.processingQueue.delete(filename);\n           }\n         })\n         .on('error', (error) => {\n           console.error(`Watcher error: ${error}`);\n         });\n       \n       return this.watchInstance;\n     }\n     \n     stop() {\n       if (this.watchInstance) {\n         this.watchInstance.close();\n         this.watchInstance = null;\n         console.log('File watcher stopped');\n       }\n     }\n     \n     isWatching() {\n       return this.watchInstance !== null;\n     }\n     \n     getWatchStatus() {\n       return {\n         isWatching: this.isWatching(),\n         queueSize: this.processingQueue.size,\n         watchDir: this.uploadsDir\n       };\n     }\n   }\n   \n   module.exports = new FileWatcher();\n   ```\n\n2. Create API endpoints to control the file watcher in src/routes/watcher.js\n3. Implement watcher control interface in admin.html\n4. Add status indicators for the file watcher\n5. Implement automatic gallery assignment for monitored files",
      "testStrategy": "1. Test starting and stopping the file watcher\n2. Verify new files are detected and processed automatically\n3. Test concurrent file uploads and processing\n4. Verify error handling for invalid files\n5. Test watcher status reporting\n6. Verify automatic gallery assignment works correctly\n7. Test performance with large batches of files",
      "priority": "medium",
      "dependencies": [
        5
      ],
      "status": "pending",
      "subtasks": []
    },
    {
      "id": 9,
      "title": "Email & SMS Notification System",
      "description": "Implement email and SMS notification system using Nodemailer for alerting customers when photos are available.",
      "details": "1. Create notification module in src/modules/notificationService.js:\n   ```javascript\n   const nodemailer = require('nodemailer');\n   \n   class NotificationService {\n     constructor() {\n       this.transporter = nodemailer.createTransport({\n         host: process.env.SMTP_HOST,\n         port: process.env.SMTP_PORT,\n         secure: process.env.SMTP_SECURE === 'true',\n         auth: {\n           user: process.env.SMTP_USER,\n           pass: process.env.SMTP_PASS\n         }\n       });\n     }\n     \n     async sendEmail(to, subject, text, html) {\n       try {\n         const info = await this.transporter.sendMail({\n           from: `\"SnapFlow\" <${process.env.SMTP_FROM}>`,\n           to,\n           subject,\n           text,\n           html\n         });\n         \n         return {\n           success: true,\n           messageId: info.messageId\n         };\n       } catch (error) {\n         console.error('Email sending error:', error);\n         return {\n           success: false,\n           error: error.message\n         };\n       }\n     }\n     \n     async sendGalleryNotification(email, galleryData) {\n       const subject = `Your photos are ready - ${galleryData.name}`;\n       const galleryUrl = `${process.env.BASE_URL}/gallery.html?id=${galleryData.id}`;\n       \n       const text = `Your photos from ${galleryData.name} are now available to view and purchase. View your gallery here: ${galleryUrl}`;\n       \n       const html = `\n         <div style=\"font-family: Arial, sans-serif; max-width: 600px; margin: 0 auto;\">\n           <h2>Your Photos Are Ready!</h2>\n           <p>Your photos from <strong>${galleryData.name}</strong> are now available to view and purchase.</p>\n           <div style=\"text-align: center; margin: 30px 0;\">\n             <a href=\"${galleryUrl}\" style=\"background-color: #4CAF50; color: white; padding: 12px 20px; text-decoration: none; border-radius: 4px; font-weight: bold;\">\n               View Your Gallery\n             </a>\n           </div>\n           <p>This link will expire in 30 days.</p>\n           <hr style=\"border: 1px solid #eee; margin: 20px 0;\">\n           <p style=\"color: #777; font-size: 12px;\">\n             This email was sent by SnapFlow. If you have any questions, please contact us at ${process.env.CONTACT_EMAIL}.\n           </p>\n         </div>\n       `;\n       \n       return await this.sendEmail(email, subject, text, html);\n     }\n     \n     async sendSMS(phoneNumber, message) {\n       // For SMS, we can use email-to-SMS gateways provided by carriers\n       // This is a simplified implementation\n       \n       // Detect carrier and use appropriate email-to-SMS gateway\n       // For a real implementation, you would use a proper SMS API\n       const carrierMap = {\n         'att': '@txt.att.net',\n         'verizon': '@vtext.com',\n         'tmobile': '@tmomail.net',\n         'sprint': '@messaging.sprintpcs.com'\n       };\n       \n       // Default to a common gateway if carrier not specified\n       const carrier = 'att';\n       const smsEmail = `${phoneNumber}${carrierMap[carrier]}`;\n       \n       return await this.sendEmail(smsEmail, '', message, '');\n     }\n   }\n   \n   module.exports = new NotificationService();\n   ```\n\n2. Create notification routes in src/routes/notifications.js\n3. Implement notification form in gallery.html for customers to request notifications\n4. Add notification settings in admin interface\n5. Create notification templates for different events (gallery ready, new photos added, etc.)",
      "testStrategy": "1. Test email sending functionality with various email providers\n2. Verify SMS notifications via email-to-SMS gateways\n3. Test notification templates for correct content\n4. Verify error handling for failed notifications\n5. Test rate limiting to prevent abuse\n6. Verify notification settings are properly applied\n7. Test notification request form validation",
      "priority": "low",
      "dependencies": [
        6
      ],
      "status": "pending",
      "subtasks": []
    },
    {
      "id": 10,
      "title": "E-commerce Integration",
      "description": "Implement basic e-commerce functionality for customers to purchase photos.",
      "details": "1. Create e-commerce module in src/modules/ecommerceService.js:\n   ```javascript\n   const fs = require('fs');\n   const path = require('path');\n   const { v4: uuidv4 } = require('uuid');\n   const notificationService = require('./notificationService');\n   \n   class EcommerceService {\n     constructor() {\n       this.ordersFile = path.join(__dirname, '../data/orders.json');\n       this.productsFile = path.join(__dirname, '../data/products.json');\n       \n       // Ensure files exist\n       if (!fs.existsSync(path.dirname(this.ordersFile))) {\n         fs.mkdirSync(path.dirname(this.ordersFile), { recursive: true });\n       }\n       \n       if (!fs.existsSync(this.ordersFile)) {\n         fs.writeFileSync(this.ordersFile, JSON.stringify([], null, 2));\n       }\n       \n       if (!fs.existsSync(this.productsFile)) {\n         const defaultProducts = [\n           {\n             id: 'digital-download',\n             name: 'Digital Download',\n             description: 'High-resolution digital download of the photo.',\n             price: 9.99,\n             type: 'digital'\n           },\n           {\n             id: 'print-small',\n             name: '5x7 Print',\n             description: 'Professional 5x7 inch print on premium photo paper.',\n             price: 14.99,\n             type: 'print',\n             size: '5x7'\n           },\n           {\n             id: 'print-medium',\n             name: '8x10 Print',\n             description: 'Professional 8x10 inch print on premium photo paper.',\n             price: 19.99,\n             type: 'print',\n             size: '8x10'\n           },\n           {\n             id: 'print-large',\n             name: '11x14 Print',\n             description: 'Professional 11x14 inch print on premium photo paper.',\n             price: 29.99,\n             type: 'print',\n             size: '11x14'\n           }\n         ];\n         fs.writeFileSync(this.productsFile, JSON.stringify(defaultProducts, null, 2));\n       }\n     }\n     \n     getProducts() {\n       const data = fs.readFileSync(this.productsFile, 'utf8');\n       return JSON.parse(data);\n     }\n     \n     getOrders() {\n       const data = fs.readFileSync(this.ordersFile, 'utf8');\n       return JSON.parse(data);\n     }\n     \n     getOrderById(orderId) {\n       const orders = this.getOrders();\n       return orders.find(order => order.id === orderId) || null;\n     }\n     \n     createOrder(orderData) {\n       const orders = this.getOrders();\n       const products = this.getProducts();\n       \n       // Validate products and calculate total\n       let total = 0;\n       const items = orderData.items.map(item => {\n         const product = products.find(p => p.id === item.productId);\n         if (!product) throw new Error(`Product not found: ${item.productId}`);\n         \n         const itemTotal = product.price * item.quantity;\n         total += itemTotal;\n         \n         return {\n           productId: item.productId,\n           photoId: item.photoId,\n           quantity: item.quantity,\n           price: product.price,\n           total: itemTotal,\n           productName: product.name\n         };\n       });\n       \n       const newOrder = {\n         id: uuidv4(),\n         createdAt: new Date().toISOString(),\n         status: 'pending',\n         customer: orderData.customer,\n         items,\n         total,\n         paymentInfo: orderData.paymentInfo || null\n       };\n       \n       orders.push(newOrder);\n       fs.writeFileSync(this.ordersFile, JSON.stringify(orders, null, 2));\n       \n       // Send order confirmation\n       if (newOrder.customer.email) {\n         this.sendOrderConfirmation(newOrder);\n       }\n       \n       return newOrder;\n     }\n     \n     updateOrderStatus(orderId, status) {\n       const orders = this.getOrders();\n       const index = orders.findIndex(order => order.id === orderId);\n       \n       if (index === -1) return null;\n       \n       orders[index].status = status;\n       orders[index].updatedAt = new Date().toISOString();\n       \n       fs.writeFileSync(this.ordersFile, JSON.stringify(orders, null, 2));\n       \n       return orders[index];\n     }\n     \n     async sendOrderConfirmation(order) {\n       const subject = `Order Confirmation #${order.id.substring(0, 8)}`;\n       \n       const itemsList = order.items.map(item => \n         `${item.quantity}x ${item.productName} - $${item.total.toFixed(2)}`\n       ).join('\\n');\n       \n       const text = `\n         Order Confirmation #${order.id.substring(0, 8)}\n\n\n         Thank you for your order!\n\n\n         Items:\n         ${itemsList}\n\n\n         Total: $${order.total.toFixed(2)}\n\n\n         Your order is being processed and you will receive another notification when it's ready.\n       `;\n       \n       const html = `\n         <div style=\"font-family: Arial, sans-serif; max-width: 600px; margin: 0 auto;\">\n           <h2>Order Confirmation #${order.id.substring(0, 8)}</h2>\n           <p>Thank you for your order!</p>\n           \n           <h3>Items:</h3>\n           <ul>\n             ${order.items.map(item => \n               `<li>${item.quantity}x ${item.productName} - $${item.total.toFixed(2)}</li>`\n             ).join('')}\n           </ul>\n           \n           <p><strong>Total: $${order.total.toFixed(2)}</strong></p>\n           \n           <p>Your order is being processed and you will receive another notification when it's ready.</p>\n         </div>\n       `;\n       \n       return await notificationService.sendEmail(\n         order.customer.email,\n         subject,\n         text,\n         html\n       );\n     }\n   }\n   \n   module.exports = new EcommerceService();\n   ```\n\n2. Create e-commerce routes in src/routes/ecommerce.js\n3. Implement product configuration in admin interface\n4. Add purchase functionality to gallery view\n5. Create checkout process with customer information collection\n6. Implement order management in admin interface",
      "testStrategy": "1. Test product configuration and management\n2. Verify order creation process\n3. Test checkout flow and validation\n4. Verify order confirmation emails\n5. Test order status updates\n6. Verify order history and management\n7. Test payment information handling (mock integration)\n8. Verify product pricing and total calculations",
      "priority": "low",
      "dependencies": [
        6,
        9
      ],
      "status": "pending",
      "subtasks": []
    }
  ]
}